fixture_id,season,matchweek,kickoff_utc,home_team,away_team,model_version,training_cutoff_utc,predicted_at_utc,p_home,p_draw,p_away,home_goals,away_goals,result,rps,log_loss,brier
2026-27_mw01_arsenal_coventry-city,2026_27,1,2026-08-21T19:00:00Z,Arsenal,Coventry City,base_rate_v1,2026-05-24T23:59:59Z,2026-08-19T21:39:02Z,0.44157894736842107,0.23894736842105263,0.3194736842105263,3,0,H,0.20694875346260388,0.8173984586873256,0.47099335180055396
2026-27_mw01_hull-city_manchester-united,2026_27,1,2026-08-22T11:30:00Z,Hull City,Manchester United,base_rate_v1,2026-05-24T23:59:59Z,2026-08-19T21:39:02Z,0.44157894736842107,0.23894736842105263,0.3194736842105263,2,0,H,0.20694875346260388,0.8173984586873256,0.47099335180055396
2026-27_mw01_everton_crystal-palace,2026_27,1,2026-08-22T14:00:00Z,Everton,Crystal Palace,base_rate_v1,2026-05-24T23:59:59Z,2026-08-19T21:39:02Z,0.44157894736842107,0.23894736842105263,0.3194736842105263,2,0,H,0.20694875346260388,0.8173984586873256,0.47099335180055396
2026-27_mw01_ipswich-town_sunderland,2026_27,1,2026-08-22T14:00:00Z,Ipswich Town,Sunderland,base_rate_v1,2026-05-24T23:59:59Z,2026-08-19T21:39:02Z,0.44157894736842107,0.23894736842105263,0.3194736842105263,2,1,H,0.20694875346260388,0.8173984586873256,0.47099335180055396
2026-27_mw01_nottingham-forest_leeds-united,2026_27,1,2026-08-22T14:00:00Z,Nottingham Forest,Leeds United,base_rate_v1,2026-05-24T23:59:59Z,2026-08-19T21:39:02Z,0.44157894736842107,0.23894736842105263,0.3194736842105263,0,1,A,0.3290540166204986,1.1410803740950337,0.7152038781163434
2026-27_mw01_brentford_tottenham-hotspur,2026_27,1,2026-08-22T16:30:00Z,Brentford,Tottenham Hotspur,base_rate_v1,2026-05-24T23:59:59Z,2026-08-19T21:39:02Z,0.44157894736842107,0.23894736842105263,0.3194736842105263,3,0,H,0.20694875346260388,0.8173984586873256,0.47099335180055396
2026-27_mw01_brighton_aston-villa,2026_27,1,2026-08-23T13:00:00Z,Brighton & Hove Albion,Aston Villa,base_rate_v1,2026-05-24T23:59:59Z,2026-08-19T21:39:02Z,0.44157894736842107,0.23894736842105263,0.3194736842105263,4,0,H,0.20694875346260388,0.8173984586873256,0.47099335180055396
2026-27_mw01_manchester-city_bournemouth,2026_27,1,2026-08-23T13:00:00Z,Manchester City,AFC Bournemouth,base_rate_v1,2026-05-24T23:59:59Z,2026-08-19T21:39:02Z,0.44157894736842107,0.23894736842105263,0.3194736842105263,2,1,H,0.20694875346260388,0.8173984586873256,0.47099335180055396
2026-27_mw01_newcastle-united_liverpool,2026_27,1,2026-08-23T15:30:00Z,Newcastle United,Liverpool,base_rate_v1,2026-05-24T23:59:59Z,2026-08-19T21:39:02Z,0.44157894736842107,0.23894736842105263,0.3194736842105263,2,2,D,0.14852770083102496,1.431511967113184,0.876256509695291
2026-27_mw01_fulham_chelsea,2026_27,1,2026-08-24T19:00:00Z,Fulham,Chelsea,base_rate_v1,2026-05-24T23:59:59Z,2026-08-19T21:39:02Z,0.44157894736842107,0.23894736842105263,0.3194736842105263,2,3,A,0.3290540166204986,1.1410803740950337,0.7152038781163434
2026-27_mw03_ipswich_liverpool,2026_27,3,2026-09-04T19:00:00Z,Ipswich,Liverpool,prekick_v1,2026-08-31T23:59:59Z,2026-09-01T22:07:48Z,0.16352485301632153,0.19085149377367377,0.6456236532100047,0,2,A,0.07616148635911629,0.43753852513557195,0.1887472653938752
2026-27_mw03_newcastle-united_bournemouth,2026_27,3,2026-09-05T11:30:00Z,Newcastle,Bournemouth,prekick_v1,2026-08-31T23:59:59Z,2026-09-01T22:07:48Z,0.49965206814226676,0.23697768669454028,0.26337024516319296,2,2,D,0.15950803761808238,1.4397892912474826,0.9012191258381798
2026-27_mw03_brentford_sunderland,2026_27,3,2026-09-05T14:00:00Z,Brentford,Sunderland,prekick_v1,2026-08-31T23:59:59Z,2026-09-01T22:07:48Z,0.4801638238715932,0.25842958276935585,0.2614065933590509,1,1,D,0.1494453524032873,1.3531320292249973,0.8488173885182061
2026-27_mw03_brighton_leeds,2026_27,3,2026-09-05T14:00:00Z,Brighton,Leeds,prekick_v1,2026-08-31T23:59:59Z,2026-09-01T22:07:48Z,0.5779908011603414,0.2210618258943684,0.20094737294529022,1,1,D,0.18722660645979344,1.5093128614104299,0.9811978919986021
2026-27_mw03_fulham_crystal-palace,2026_27,3,2026-09-05T14:00:00Z,Fulham,Crystal Palace,prekick_v1,2026-08-31T23:59:59Z,2026-09-01T22:07:48Z,0.46576819912663453,0.2563094461139883,0.27792235475937715,2,3,A,0.3691680705369555,1.2804135037295499,0.8040306732411705
2026-27_mw03_manchester-city_coventry-city,2026_27,3,2026-09-05T14:00:00Z,Man City,Coventry City,prekick_v1,2026-08-31T23:59:59Z,2026-09-01T22:07:48Z,0.7863074291703429,0.14688328663543201,0.06680928419422512,1,0,H,0.02506399764116637,0.2404074317648438,0.07170269517515923
2026-27_mw03_nottingham-forest_tottenham-hotspur,2026_27,3,2026-09-05T14:00:00Z,Nott'm Forest,Tottenham,prekick_v1,2026-08-31T23:59:59Z,2026-09-01T22:07:48Z,0.45513270917452814,0.23835191723052646,0.3065153735949454,0,0,D,0.15054872860529728,1.4340070536022669,0.8812052591970094
2026-27_mw03_hull-city_aston-villa,2026_27,3,2026-09-05T16:30:00Z,Hull City,Aston Villa,prekick_v1,2026-08-31T23:59:59Z,2026-09-01T22:07:48Z,0.46114113897911224,0.2692149052591488,0.26964395576173894,0,0,D,0.14267950646889577,1.3122453140253776,0.8194058676331863
2026-27_mw03_everton_manchester-united,2026_27,3,2026-09-06T13:00:00Z,Everton,Man United,prekick_v1,2026-08-31T23:59:59Z,2026-09-01T22:07:48Z,0.3552222326210051,0.2653451187942141,0.3794326485847809,2,2,D,0.13507598468015658,1.326723965226161,0.8098697638398007
2026-27_mw03_arsenal_chelsea,2026_27,3,2026-09-06T15:30:00Z,Arsenal,Chelsea,prekick_v1,2026-08-31T23:59:59Z,2026-09-01T22:07:48Z,0.621304616212292,0.21422178647147716,0.16447359731623087,2,1,H,0.08523087895813053,0.4759337920152684,0.21635273171529223
2026-27_mw06_arsenal_leeds,2026_27,6,2026-10-10T11:30:00Z,Arsenal,Leeds,prekick_v1,2026-09-20T23:59:59Z,2026-10-06T23:41:39Z,0.7457785807328337,0.1637600032392888,0.0904614160278775,,,,,,
2026-27_mw06_aston-villa_brentford,2026_27,6,2026-10-10T14:00:00Z,Aston Villa,Brentford,prekick_v1,2026-09-20T23:59:59Z,2026-10-06T23:41:39Z,0.48392402822022884,0.24430457199335498,0.2717713997864162,,,,,,
2026-27_mw06_chelsea_bournemouth,2026_27,6,2026-10-10T14:00:00Z,Chelsea,Bournemouth,prekick_v1,2026-09-20T23:59:59Z,2026-10-06T23:41:39Z,0.5151227251475851,0.23765149359674792,0.24722578125566702,,,,,,
2026-27_mw06_ipswich_fulham,2026_27,6,2026-10-10T14:00:00Z,Ipswich,Fulham,prekick_v1,2026-09-20T23:59:59Z,2026-10-06T23:41:39Z,0.29665616514733784,0.244538862421357,0.45880497243130514,,,,,,
2026-27_mw06_sunderland_brighton,2026_27,6,2026-10-10T14:00:00Z,Sunderland,Brighton,prekick_v1,2026-09-20T23:59:59Z,2026-10-06T23:41:39Z,0.3865197676598631,0.26518926403150955,0.34829096830862727,,,,,,
2026-27_mw06_manchester-united_tottenham-hotspur,2026_27,6,2026-10-10T16:30:00Z,Man United,Tottenham,prekick_v1,2026-09-20T23:59:59Z,2026-10-06T23:41:39Z,0.5437517880529413,0.2226472359493335,0.23360097599772514,,,,,,
2026-27_mw06_crystal-palace_nottingham-forest,2026_27,6,2026-10-11T13:00:00Z,Crystal Palace,Nott'm Forest,prekick_v1,2026-09-20T23:59:59Z,2026-10-06T23:41:39Z,0.4555168263521907,0.260779764276835,0.28370340937097427,,,,,,
2026-27_mw06_hull-city_everton,2026_27,6,2026-10-11T13:00:00Z,Hull City,Everton,prekick_v1,2026-09-20T23:59:59Z,2026-10-06T23:41:39Z,0.4842891137907488,0.2768222161582661,0.23888867005098524,,,,,,
2026-27_mw06_liverpool_manchester-city,2026_27,6,2026-10-11T15:30:00Z,Liverpool,Man City,prekick_v1,2026-09-20T23:59:59Z,2026-10-06T23:41:39Z,0.35998826561817043,0.2501997122153683,0.38981202216646127,,,,,,
2026-27_mw06_coventry-city_newcastle-united,2026_27,6,2026-10-12T19:00:00Z,Coventry City,Newcastle,prekick_v1,2026-09-20T23:59:59Z,2026-10-06T23:41:39Z,0.2663487249006974,0.245354346781804,0.4882969283174986,,,,,,
